# ************************************************************
# Sequel Pro SQL dump
# Версия 4541
#
# http://www.sequelpro.com/
# https://github.com/sequelpro/sequelpro
#
# Адрес: 127.0.0.1 (MySQL 5.5.5-10.3.7-MariaDB)
# Схема: ph-cartix
# Время создания: 2018-07-25 06:11:16 +0000
# ************************************************************


/*!40101 SET @OLD_CHARACTER_SET_CLIENT=@@CHARACTER_SET_CLIENT */;
/*!40101 SET @OLD_CHARACTER_SET_RESULTS=@@CHARACTER_SET_RESULTS */;
/*!40101 SET @OLD_COLLATION_CONNECTION=@@COLLATION_CONNECTION */;
/*!40101 SET NAMES utf8 */;
/*!40014 SET @OLD_FOREIGN_KEY_CHECKS=@@FOREIGN_KEY_CHECKS, FOREIGN_KEY_CHECKS=0 */;
/*!40101 SET @OLD_SQL_MODE=@@SQL_MODE, SQL_MODE='NO_AUTO_VALUE_ON_ZERO' */;
/*!40111 SET @OLD_SQL_NOTES=@@SQL_NOTES, SQL_NOTES=0 */;


# Дамп таблицы cards
# ------------------------------------------------------------

DROP TABLE IF EXISTS `cards`;

CREATE TABLE `cards` (
  `id` int(11) unsigned NOT NULL AUTO_INCREMENT,
  `uid` varchar(255) NOT NULL,
  `tst_create` int(11) unsigned NOT NULL,
  `tst_update` int(11) unsigned NOT NULL,
  `name` varchar(255) NOT NULL,
  `map` varchar(255) NOT NULL,
  PRIMARY KEY (`id`)
) ENGINE=InnoDB DEFAULT CHARSET=utf8;

LOCK TABLES `cards` WRITE;
/*!40000 ALTER TABLE `cards` DISABLE KEYS */;

INSERT INTO `cards` (`id`, `uid`, `tst_create`, `tst_update`, `name`, `map`)
VALUES
	(2,'5b55e5da49bdc',1532356058,1532356058,'Дангауэровка',''),
	(3,'5b55e5da4a7b2',1532356058,1532356058,'Дом Наркомфина',''),
	(4,'5b55e5da4ac89',1532356058,1532356058,'Дангауэровка (Люба)',''),
	(5,'5b55e5da4b0fb',1532356058,1532356058,'виар',''),
	(6,'5b55e5da4b56c',1532356058,1532356058,'Дангауэровка 3','');

/*!40000 ALTER TABLE `cards` ENABLE KEYS */;
UNLOCK TABLES;


# Дамп таблицы cards_images
# ------------------------------------------------------------

DROP TABLE IF EXISTS `cards_images`;

CREATE TABLE `cards_images` (
  `id` int(11) unsigned NOT NULL AUTO_INCREMENT,
  `id_card` int(10) unsigned NOT NULL,
  `id_sort` int(11) NOT NULL,
  `name` varchar(255) DEFAULT '',
  `url` varchar(255) DEFAULT '',
  `file` varchar(255) DEFAULT '',
  `description` text DEFAULT NULL,
  `width` int(10) unsigned NOT NULL,
  `height` int(10) unsigned NOT NULL,
  PRIMARY KEY (`id`),
  KEY `id_card` (`id_card`),
  CONSTRAINT `cards_images_ibfk_1` FOREIGN KEY (`id_card`) REFERENCES `cards` (`id`) ON DELETE CASCADE
) ENGINE=InnoDB DEFAULT CHARSET=utf8;

LOCK TABLES `cards_images` WRITE;
/*!40000 ALTER TABLE `cards_images` DISABLE KEYS */;

INSERT INTO `cards_images` (`id`, `id_card`, `id_sort`, `name`, `url`, `file`, `description`, `width`, `height`)
VALUES
	(15,2,2,'','http://vaostory.ru/images/_Dangauerovka1.jpg','2/86527a3383410.jpg',NULL,800,583),
	(16,2,4,'','http://img-fotki.yandex.ru/get/5508/27584858.15/0_70f73_209d5565_orig.jpg','2/d492a7c5344374.jpg',NULL,900,753),
	(17,2,6,'','http://www.yamoskva.com/sites/default/files/imagecache/ib_large/images/57А.%20Дангауэровка.%202-я%20Кабельная.%20д4.%2008.04.17.02..jpg','b/427bafaa488226.jpg',NULL,1200,797),
	(18,2,8,'','http://img-fotki.yandex.ru/get/4609/27584858.16/0_70f7a_94daa45c_orig.jpg','d/aa7dc16f253137.jpg',NULL,900,660),
	(19,3,2,'','','9/6829643e401029.jpg',NULL,1500,882),
	(20,3,4,'','','f/457feb2149645.jpg',NULL,768,1024),
	(21,3,6,'','','a/1ddaac37385616.jpg',NULL,1404,1393),
	(22,3,8,'','','c/e29cca59300439.jpg',NULL,1264,900),
	(23,3,10,'','','6/97f6fd511227749.jpg',NULL,2670,2766),
	(24,3,12,'','','b/7a0bf8b4671663.jpg',NULL,2048,1356),
	(25,3,14,'','','0/d4b03578265668.jpg',NULL,800,600),
	(26,3,16,'','','9/8fa9317376286.jpg',NULL,640,409),
	(27,3,18,'','','2/fc12145f212291.png',NULL,350,351),
	(34,4,2,'','','5/196541fd81050.jpg',NULL,1280,720),
	(35,4,4,'','','d/9f0d480300638.jpg',NULL,982,633),
	(37,4,8,'','','4/aff4f73f286200.jpg',NULL,965,842),
	(38,4,10,'','','4/36244735270520.jpg',NULL,1280,723),
	(39,4,12,'','','4/38f457581099154.jpg',NULL,3065,2146),
	(40,4,14,'','','9/2039d9f5672835.jpg',NULL,1239,650),
	(41,4,16,'','','6/3406c5fd602760.jpg',NULL,1503,1070),
	(42,4,18,'','','7/42b70bae286454.jpg',NULL,1280,888),
	(43,4,20,'','','f/25dff0cb1046676.jpg',NULL,2127,1374),
	(44,4,22,'','','d/cbbd8c91217595.jpg',NULL,1342,876),
	(45,4,24,'','','1/db71ef33113196.jpg',NULL,706,521),
	(46,4,26,'','','4/6e047b9d615583.jpg',NULL,864,575),
	(47,4,28,'','','9/24d90d2652492.jpg',NULL,885,386),
	(48,4,30,'','','6/dd26d10a109495.jpg',NULL,819,556),
	(49,4,32,'','','4/11c4b530226502.jpg',NULL,1152,768),
	(52,3,20,'','','6/11e6814e251096.jpg',NULL,585,580),
	(53,3,22,'','','3/bac3a7df23976.jpg',NULL,250,306),
	(54,3,24,'','','5/ba35ee66664400.jpg',NULL,1024,946),
	(55,3,26,'','','b/367b9dd9716471.jpg',NULL,2000,1333),
	(56,3,28,'','','3/4f031e61119395.jpg',NULL,910,604),
	(57,3,30,'','','9/f8f919f7640090.jpg',NULL,1280,844),
	(63,3,42,'','','f/f3cf8c69391839.jpg',NULL,1520,1104),
	(64,3,44,'','','3/6e3327b857715.jpg',NULL,550,340),
	(65,3,46,'','','c/c8fc46da176858.jpg',NULL,1100,733),
	(66,3,48,'','','c/a7dc2e8e373693.jpg',NULL,1100,733),
	(67,3,50,'','','a/573a2c01108584.jpg',NULL,700,433),
	(68,3,52,'','','1/f5119a1e194421.jpg',NULL,610,902),
	(69,3,54,'','','5/f8f584ea2595667.jpg',NULL,2135,3074),
	(70,3,56,'','','1/f6e10b47224540.jpg',NULL,800,533),
	(71,3,58,'','','7/57772d94127568.jpg',NULL,500,722),
	(72,3,60,'','','4/7844de585014.jpg',NULL,1280,756),
	(73,3,62,'','','1/1591698232705.jpg',NULL,1050,710),
	(74,3,64,'','','f/178ffbcd72686.jpg',NULL,512,768),
	(75,3,66,'','','d/2b1d73bf81853.jpg',NULL,730,565),
	(76,3,68,'','','9/2ce90df0151856.jpg',NULL,1080,720),
	(78,3,70,'','http://stroy.expert/image?id=7d8f40aa31bda6aaf76184f86562957f_1503042621.jpg','d/e85da1a634733.',NULL,720,450);

/*!40000 ALTER TABLE `cards_images` ENABLE KEYS */;
UNLOCK TABLES;


# Дамп таблицы cards_objects
# ------------------------------------------------------------

DROP TABLE IF EXISTS `cards_objects`;

CREATE TABLE `cards_objects` (
  `id` int(11) unsigned NOT NULL AUTO_INCREMENT,
  `id_transfer` int(11) unsigned NOT NULL,
  `id_sort` int(11) NOT NULL,
  `time` int(11) unsigned DEFAULT NULL,
  `name` varchar(255) NOT NULL,
  `instruction` text NOT NULL,
  `text` text NOT NULL,
  `size` int(11) unsigned NOT NULL,
  PRIMARY KEY (`id`),
  KEY `id_card` (`id_transfer`),
  CONSTRAINT `cards_objects_ibfk_1` FOREIGN KEY (`id_transfer`) REFERENCES `cards_transfers` (`id`) ON DELETE CASCADE
) ENGINE=InnoDB DEFAULT CHARSET=utf8;

LOCK TABLES `cards_objects` WRITE;
/*!40000 ALTER TABLE `cards_objects` DISABLE KEYS */;

INSERT INTO `cards_objects` (`id`, `id_transfer`, `id_sort`, `time`, `name`, `instruction`, `text`, `size`)
VALUES
	(1,6,2,NULL,'Дом Лефортово','','<p>Превед Медвед, йа креведко ФОТО-15.</p><p>И какой-то другой текст. s ФОТО-15, ФОТО-16 ФОТО-234</p>',0),
	(2,6,4,NULL,'Владимирская дорога','','',0),
	(3,7,2,NULL,'Концепция соцгорода','','',0),
	(4,11,2,1,'Введение, осмотр дома','Разместить группу лицом к восточному фасаду дома.','<p>Сегодня мы поговорим о доме Наркомфина СССР. Дом строится в 1928 по 1930 годы по проекту архитекторов Моисей Гинзбурга и Игнатия Милиниса, а также инженера Сергея Прохорова. Заказчиком дома выступал нарком финансов Николай Милютин. Дом состоит из жилого и коммунального корпусов и в архитектурном отношении представляет собой яркий образец советского архитектурного авангарда.</p>',376),
	(6,12,2,10,'Эстетика архитектуры авангарда','','<p>Для начала поговорим об архитектуре авангарда в целом. Точнее - об эстетике такой архитектуры. В конце 19 - начале 20 века строили так: ФОТО-24, ФОТО-25, ФОТО-26. Архитекторы искали вдохновения в различных стилях, в природе или в переосмыслении классического наследия.<br></p><p>А в это время в живописи зарождалась настоящая революция. И манифестом этой революции стал черный квадрат ФОТО-27. Дело в том, что на протяжении всего своего существования живопись стремилась к изображению окружающей действительности. Новаторство Малевича заключалось в полном отказе от этого подражания. Он писал:</p><p><em>Передача реальных вещей на холсте - есть искусство умелого воспроизведения, и только. </em><em>И между искусством творить и искусством повторить - большая разница. Квадрат не подсознательная форма, это творчество интуитивного разума. Лицо нового искусства. Первый шаг чистого творчества в искусстве.</em></p><p>Квадрат он называет основой всего. Нулем. Он пишет:</p><p><em>Я преобразился в нуле форм и вышел за нуль к творчеству, т.е. к Супрематизму, к новому живописному реализму — беспредметному творчеству.</em><br></p><p>Итак, мы начинаем с нуля. Теперь следите за руками. Усложним композицию, добавим другие цвета и формы ФОТО-52. Теперь выйдем за пределы плоского изображения к объемной комозиции ФОТО-53. Обратите внимание - внизу мы видим плоскую супрематическую композицию, а выше показан аксонометрический чертеж. </p><p>В то время существовало множество творческих объединений, в которых архитекторы и художники работали совместно (витебский УНОВИС, петроградский ИНХУК, московский ВХУТЕМАС), поэтому архитекторы могли наблюдать и участвовать в эволюции идей супрематизма. Такая композиция уже вполне могла стать прообразом некоторого здания, поэтому опустим дальнейшие шаги и сразу перейдем к архитектуре ФОТО-54.<br></p><p>Конечно, мы сильно упрощаем и опускаем многие важные вопросы, но если посмотреть на другие авангардные здания, то озвученные идеи просматриваются. Полный отказ от декора, от лепнины. Выразительность здания создается компоновкой геометрических форм - кубов, цилиндров, их взаимным расположением.</p><p>Этот период длился недолго, но оказался самым значительным вкладом наших соотечественников в мировую архитектуру. И черты советского авангарда мы можем проследить в самых современных зданиях:</p><ol><li>ФОТО-55 - <strong>Палаццо Италия</strong><span class=\"redactor-invisible-space\"> в Милане (павильон Италии на всемирной выставке 2015 г.), Nemesi&Partners</span></li><li><span class=\"redactor-invisible-space\"><span class=\"redactor-invisible-space\">ФОТО-56 - Особняк в пригороде Мадрида, A-cero<span class=\"redactor-invisible-space\">.</span></span></span></li></ol><p>Разумеется, здесь они переосмыслены, дополнены - более развиты. Ну а начиналось все вот с этого (указать на дом). </p><p>Все, о чем мы до этого говорили, относится к внешнему облику здания. Но для конструктивистов внешний облик не является первичным. Первична фукнция. От функции к конструкции, а от конструкции - к внешнему облику. И структура конструктивистских зданий должна в точности отражать его функции. То, что дом НКФ состоит из жилого и коммунального корпусов говорит нам о том, что у здания две основные функции - жилая и общественная. А наличие общественной функции связано с популярными в те годы исследованиями возможности перехода от старого, частного быта, к новому обобществленному. О новом социалистическом быте мы поговорим в коммунальном корпусе.<br></p>',3140),
	(7,13,2,NULL,'Бытовые коммуны','','<p>В первые послереволюционные годы начинают стихийно складываться бытовые коммуны. Одному человеку и даже одной семье было довольно трудно выжить. Люди начинают объединяться и вести совместное хозяйство. Появляются общие деньги, на которые покупается еда, литература и одежда. Организуется распорядок дня, назначаются дежурные, которые убирают помещения и готовят пищу.</p><p>Единого стандарта не было, жизнь в каждой коммуне организовывалась по-своему. Где-то в общий котел полагалось сдавать часть доходов и жить в собственном помещении. А где-то идеи нового быта доходили до абсурда - личная собственность упразднялась, в общий котел сдавались все деньги, во все помещения можно было входить без стука, любую вещь брать без спроса. Где-то даже личная дружба порицалась, не говоря уже о романтических отношениях.</p><p><em>Прим.: Семья, воспитывая и утверждая эгоизм, ослабляет скрепы коллектива и этим затрудняет строительство коммунизма<span class=\"redactor-invisible-space\">. Коллонтай. <a href=\"http://o.tishurin.ru/cp/cp/linker?marker=%D0%9C-650-0\" target=\"_blanc\" class=\"linker_link\">М-650-0</a>.</span></em><em></em></p><p>Коммуны занимали бывшие дома буржуазии и доходные дома, которые не были предназначены для таких объединений. Возникла потребность в проектировании специальных домов для этих целей. И архитекторы охотно откликаются на такой социальный заказ.</p>',1181),
	(8,13,4,NULL,'Дом-коммуна Текстильного института','','<p>Самым известным реализованным проектом дома-коммуны является общежитие Текстильного института на ул. Орджоникидзе работы Ивана Николаева ФОТО-57. Оно состояло из трех корпусов: спального, общественного и санитарного.</p><p>В спальном корпусе находились спальные кабины площадью по 6 кв. м., в которых были только кровати (по две на кабину). Писали: \"Спальная кабина очищена от бытовых потрохов\". В гигиеническом корпусе были душевые и шкафы для одежды, а в общественном - столовая и помещения для индивидуальных и групповых занятий.</p><p>Все процессы были полностью регламентированы. Студенты встают по звонку, идут в душ, одеваются, после чего идут в столовую. Вечером в обратном порядке. Ночью кабины проветривались, как писал Николаев, \"не исключена была возможность использования усыпляющих добавок\".</p><p>Подобные идеи имеют место и в доме Наркомфина, конечно, не в такой степени (мы еще об этом поговорим). Так или иначе, для общественных целей был построен специальный коммунальный корпус, который мы сейчас и посетим.</p>',1006),
	(9,13,6,NULL,'Осмотр 1 этажа (спортзал)','','<p><em>Первый этаж - спортзал двухсветный. В первом ярусе - душевые, переодевальни, уборные, спортпринадлежности; во втором ярусе - помещения для отдыхающих и наблюдающих за спортом. 2-й ярус сообщается крытым перекидным мостиком с жилым корпусом. М. Гинзбург, СА № 5 1929 г.</em></p>',268),
	(10,14,2,NULL,'Фабрики-кухни','','',0),
	(11,14,4,NULL,'Особенности работы столовой в НКФ','','',0),
	(12,11,4,10,'Принципы Ле Корбюзье на примере дома НКФ','','<p>Как по-вашему, похож этот дом на шедевр архитектуры? - Пожалуй, не очень. Так почему же специалисты так ценят этот дом? Давайте разбираться.<br></p><p>Во-первых, то что мы видим сейчас не очень похоже на то, что задумывали архитекторы. Неплохое представление о внешнем виде дома дает визуализация ФОТО-19, подготовленная в рамках реставрации дома. </p><p>Во-первых, он был белым. Вот эта стильная грязно-желтая краска появилась гораздо позже.</p><p>Во-вторых, вся северная стена коммунального корпуса была остеклена ФОТО-20, ФОТО-21. Крыша была эксплуатируемая, на ней находилось летнее кафе. Металлические конструкции использовались для закрепления тента, защищающего от солнца и дождя. Крыша жилого корпуса также была эксплуатируемой, на ней находился солярий, на котором можно было принимать солнечные ванны.</p><p>Также обратите внимание на окна. Сейчас они частично заложены, но раньше они проходили по всему фасаду сплошной лентой ФОТО-22. Исследования показали, что такое остекление дает более равномерный свет по сравнению с вертикальным. Почему так не делают везде? Потому что это не так-то просто. При традиционной конструкции здания, когда наружные стены являются несущими, выходило бы, что верхние этажи держатся на стеклах. Здесь это стало возможным благодаря использованию железобетонного каркаса.</p><p>Обратите внимание на колонны. Когда-то первого этажа не было и можно было свободно пройти под домом на другую сторону парка. Кроме того, первые этажи считаются менее пригодными для жилья (и даже сейчас их стараются делать нежилыми). Ну и также замена первого этажа опорами была интересным ходом с архитектурной точки зрения.</p><p>Так вот, эти колонны проходят через весь дом, на них он и держится. Это и позволило сделать стеклянную стену в коммунальном корпусе, ленточное остекление на восточной стене и вот такой рисунок на западной стене ФОТО-23. Поскольку внешние стены могут быть из любого материала, здесь они сделаны не очень надежно. Фактически единственная их задача - теплоизоляция. Из-за этого они оказались более всего подвержены разрушению, поэтому дом сейчас так страшно выглядит. </p><p>Признаки, которые мы выявили (плоская кровля, ленточные окна, свободный фасад, замена первого этажа опорами) практически полностью воспроизводят манифест одного из виднейших идеологов авангарда французского архитектора Ле Корбюзье. Так вышло, что в доме НКФ все принципы Ле Корбюзье были реализованы в полном объеме даже раньше, чем в работах самого архитектора. Это вызвало живой интерес архитектора, он посещал этот дом. И это сыграло немалую роль в судьбе дома, хотя бы потому, что чертежи были найдены именно в архивах Ле Корбюзье.<br></p><p>Теперь я мог бы повторить свой вопрос об архитектурном шедевре (показать визуализацию), но не буду, потому что дальше это уже дело вкуса. Но почему авангардные здания выглядят именно так - расскажу.</p>',2801),
	(14,16,2,2,'Вводная часть','','<ul><li>О себе, личная история</li><li>\r\n	О компании</li><li>\r\n	Идея экскурсии</li></ul><p>Непосредственно\r\nэкскурсию по заявленной теме мы начнём\r\nчерез минут 15, когда подойдём к начальной\r\nточке маршрута. Тогда и идея: попытка\r\nрассказать и донести людям, что строения,\r\nкоторые мы сегодня с вами увидим, пускай\r\nвнешне нравятся далеко не всем, но несут\r\nв себе идеи и принципы застройки, которыми\r\nруководствуются архитекторы и инженеры\r\nпо сей день. они представляют собой\r\nархитектурную ценность (слишком\r\nпатетично?) – пускай. да, многие из тех,\r\nкто живёт тут и пользуются прогнившими\r\nкоммуникациями, со мной не согласятся.\r\nно всякое здание нуждается в уходе и\r\nвложении средств. эта застройка не\r\nстолько архитектурная ценность, сколько\r\nбесценная частица атмосферы Москвы</p><p><strong>Организационная\r\n	информация</strong></p><p>\r\n- 1,5 часа</p><p>\r\n- финиш –\r\nв 10 минутах ходьбы от ст. Авиамоторная</p>',836),
	(15,16,4,5,'Район Лефортово, улица Авиамоторная','Смотрим на дом с надписью \"Лефортово\"','<p><strong>Станция\r\nАвиамоторная\r\n	</strong>\r\n</p><p>Бывали\r\n	раньше? - Не теряем\r\nвозможность познакомиться с районом\r\n</p><p><strong>Улица\r\nАвиамоторная. район Лефортово</strong></p><ul><li>станция\r\n	по улице Авиамоторная – с 1933 года</li><li>\r\n	до этого\r\n	- <u>Первая\r\n	Синичкина </u>(1922\r\n	– 1933), по реке Синичка, протекающей\r\n	рядом. Но сейчас эту реку не найдёшь на\r\n	карте: в советское время река была\r\n	полностью заключена в коллектор <strong></strong>ФОТО-35</li><li><strong></strong>Первоначальное\r\nназвание – Первая улица Всехсвятской\r\nслободы</li><li>как вы\r\n	может прочитать на доме позади меня –\r\n	район Лефортово</li><li>получивший\r\n	своё название по имени сподвижника и\r\n	хорошего друга Петра 1 – Франца Лефорта</li><li>в середине\r\n	17го века царь Алексей Михайлович\r\n	основывает Немецкую слободу</li><li>датой\r\n	основания района Лефортово принято\r\n	считать 1699 год, когда Петр I приказал\r\n	построить в этой части города дома\r\n	солдатского полка регулярного строя\r\n	- Лефортовская солдатская слобода. <strong></strong>ФОТО-34</li><li>\r\n	так и\r\n	повелось: в районе много «военных»\r\n	учреждений: училище, госпиталь, казармы,\r\n	тюрьма\r\n	</li><li>\r\n	но по\r\n	большей части, здесь расположены\r\n	предприятия промышленности: фабрики\r\n	, заводы\r\n	</li><li>\r\n	промышленная\r\n	окраина города, которая была включена\r\n	в его состав лишь в 1917 году\r\n	</li><li>\r\n	за пределами\r\n	Камер-коллежского вала</li></ul>',1196),
	(16,17,2,NULL,'Владимирский тракт','','<ul><li>в середине 18го века вокруг Москвы строят ещё одно кольцевое заградительное сооружение – Камер-коллежский вал. в качестве наследия которого мы имеем топонимы со словами «вал» и «застава». <i>какие?</i></li><li>\r\n	через\r\n	Рогожскую заставу проходила дорога\r\n	Москва – Владимир. т.н. Владимирский\r\n	тракт, печально известный тем, что,\r\n	начиная с 18го века, являлся главной\r\n	магистралью, по которой заключённые\r\n	отправлялись на каторгу в Сибирь</li><li>\r\n	движение\r\n	осуждённых осуществлялось не по основной\r\n	дороге, где шло почтовое, торговое и\r\n	пассажирское сообщения, а по параллельным\r\n	грунтовым дорогам, отгороженным\r\n	лесополосой</li><li>здесь же:\r\n	ещё в начале 20го века размещались\r\n	бараки. Не очень приятные для проживания\r\n	и быстро ветшающие, они строились для\r\n	рабочих заводов и производств. в районе\r\n	не было ни освещения, ни водопровода,\r\n	ни мостовых, ни какой-либо инфраструктуры.\r\n	<strong>**фото</strong><strong>#</strong><strong>4</strong><strong>\r\n	</strong><strong>цитата\r\n	из газеты «правда»</strong></li><li><strong></strong>название\r\n	«ШЭнтузиастов» – 1919 год, Луначарский,\r\n	в честь революционеров\r\n	- первопроходцев\r\n	и полит.\r\n	заключённых, которые последовали\r\n	в ссылку этим трактом. но\r\n	смысл затёрся и теперь отражается\r\n	«гимном оптимизму», верой в светлое\r\n	будущее и надеждой на то, что оно очень\r\n	скоро будет построено</li></ul><p>\r\n<strong>Переход:\r\n</strong>пройдёмте\r\nже в оптимистичное будущее! к новым\r\nрайонам, к новому строительству, к новой\r\nжизни!</p>',1326),
	(17,18,2,NULL,'Дангауэровка до революции','','<ul>\r\n	<li>\r\n	мы пришли\r\n	в начальную точку непосредственно\r\n	нашей экскурсии «Д. как пример ЖК 1920 –\r\n	1930»\r\n	</li>\r\n	<li>\r\n	<strong>почему\r\n	собственно Дангауэровка?\r\n	</strong></li>\r\n	<li>\r\n	в 1869\r\n	немецкие предприниматели Дангауэр и\r\n	Кайзер основывают завод, где делают\r\n	оборудование для пищевой промышленности\r\n	</li>\r\n	<li>\r\n	после\r\n	революции национализирован и переименован\r\n	сначала в «Котлоаапарат», затем – в\r\n	«Компрессор»\r\n	</li>\r\n	<li>\r\n	в годы\r\n	ВОВ завод переоборудуется и начинает\r\n	выпускать системы «Катюша», за что\r\n	получает Орден трудового красного\r\n	знамени\r\n	</li>\r\n	<li>\r\n	после\r\n	Войны продолжает действовать и выпускать\r\n	установки холодильного оборудования\r\n	</li>\r\n	<li>\r\n	в настоящее\r\n	время не функционирует. Площади сдаются\r\n	в аренду («бизнес-парк»)\r\n	</li>\r\n	<li>\r\n	для рабочих\r\n	завода Дангауэра и Кайзера, численность\r\n	которых к началу революции достигала\r\n	порядка \r\n	<strong>600\r\n	человек\r\n	</strong>,\r\n	и строятся бараки и землянки Д.слободы\r\n	</li>\r\n	<li>\r\n	их соседями\r\n	в этом посёлке становятся рабочие\r\n	металлургического завода «Гужон»\r\n	(более известного как «Серп и молот»)\r\n	и завода «Товарищество для эксплуатации\r\n	электричества М. М. Подобедов и Ко»\r\n	(«Москабель»)\r\n	</li>\r\n	<li>\r\n	название\r\n	«Дангауэровка» сохраняется в устах\r\n	местных жителей\r\n	</li>\r\n</ul>',1186),
	(18,18,4,NULL,'Дангауэровка после революции','','<ul>\r\n	<li>\r\n	попадаем\r\n	в новую эпоху, когда устанавливается\r\n	новый строй, рушатся старые и\r\n	провозглашаются новые социальные\r\n	устои, строится новая страна\r\n	</li>\r\n	<li>\r\n	Москва\r\n	как столица первым делом становится\r\n	отражением всех изменений\r\n	</li>\r\n	<li>\r\n	в городе\r\n	значительно вырастает численность\r\n	населения, которому необходимо где-то\r\n	размещаться – это раз\r\n	</li>\r\n	<li>\r\n	параллельно\r\n	с этим, надо «воспитывать» / «создавать»\r\n	нового человека – это два\r\n	</li>\r\n	<li>\r\n	с новыми\r\n	запросами и потребностями\r\n	</li>\r\n</ul><ul><li><strong>рождается\r\n	идея строительства не просто жилья, а\r\n	формирования среды для жизни\r\n	</strong></li>\r\n	<li>в\r\n	процессе дискуссий рождаются несколько\r\n	концепций:</li></ul><p><strong>концепция\r\n	город\r\n	– сад</strong><u><strong></strong></u></p><ul><li><u><strong></strong></u>отвергли\r\nза нерациональным использованием\r\nтерритории и отголосками буржуазной\r\nпсихологии</li><li>приходят\r\n	к мысли:\r\n	<strong>\r\n	строительство нового социалистического\r\n	общества невозможно без перестройки\r\n	быта</strong></li><li><strong></strong>обобществление\r\n	бытовых нужд человека! «освобождение\r\n	от бытового рабства»! полное «раскрепощение»\r\n	женщины!</li></ul><p><strong>концепция дом - коммуна</strong><u><strong></strong></u></p><p>отвергли\r\nза слишком большой рывок. отложили с\r\nнадеждой на дальнюю полку<br></p><p>решили\r\nостановиться на золотой середине:<br></p><p>\r\n	<strong>жилые\r\nкомплексы или т.н. рабочие посёлки\r\n	</strong>\r\n</p><p>\r\n	которые\r\nпредставляют собой целостный организм\r\nс новой организацией территории:\r\nпредоставление услуг по проживанию, по\r\nорганизации воспитания детей и по\r\nпроведению досуга. \r\n	<u>полное\r\nавтономное функционирование комплекса\r\n	</u>\r\n</p><ul><li>в\r\n	Москве сохранилось порядка 20ти РП,\r\n	построенных в 1928 – 1930-32 гг.\r\n	</li>\r\n	<li>широко\r\n	известны: Дубровка (1926-30), ХШкомплекс\r\n	(1928-30), Усачёвка (1925-30),\r\n	НПресня\r\n	(1926-30), БудПосёлок (1926-30)\r\n	</li>\r\n</ul><ul><li>организация\r\n	общих учебных учреждений преследовало\r\n	ещё одну цель: избавить ребёнка от\r\n	неправильного воспитания родителей -\r\n	следующее поколение должно вырасти на\r\n	новой идеологии\r\n	</li>\r\n	<li>интересно\r\n	отметить, что «…столь упорное стремление\r\n	человека к коллективному, к коммунальному\r\n	началу жизни ни в коем случае не является\r\n	лишь одним идеологическим лозунгом\r\n	революции. Оно коренится глубже. Оно\r\n	вызывается к жизни самыми \r\n	<strong>элементарными,\r\n	естественными предпосылками человеческого\r\n	</strong>\r\n	бытия» (арх.\r\n	Г. Вегман, «Современная архитектура»,\r\n	1927)\r\n	</li>\r\n	<li>организация\r\n	общественного хозяйства позиционируется\r\n	как облегчение самообслуживания,\r\n	выигрыш во времени, отказ от индивидуализма\r\n	как пережитка буржуазного прошлого\r\n	</li>\r\n	<li>ЖК:\r\n	жилые дома, школы, ясли, столовые,\r\n	фабрики-кухни, магазины, больницы,\r\n	мастерские, прачечные, бани, \r\n	<strong>рабочий\r\n	клуб\r\n	</strong></li>\r\n</ul>',2472),
	(19,19,2,NULL,'Клуб \"Пролетарий\"','','<ul>\r\n	<li>\r\n	с начала\r\n	разработки идеи рабочего посёлка с\r\n	развитой инфраструктурой клуб был\r\n	обязательным элементом\r\n	</li>\r\n	<li>\r\n	сначала\r\n	под клуб приспосабливали существующие\r\n	строения, но с развитием новых районов\r\n	столкнулись с темой строительства\r\n	специальных зданий под клуб\r\n	</li>\r\n</ul><p>\r\n	<i>рабочие\r\nклубы / ДК в Москве?\r\n	</i>\r\n</p><ul>\r\n	<li>\r\n	«в 1923\r\n	году, конференция профсоюзов отмечала,\r\n	что РК прошли три этапа своего развития:\r\n	«первый, когда клубы организовывались\r\n	с чисто просветительскими функциями,\r\n	хотя и не всегда шли по этому пути;\r\n	второй – когда они делаются центрами\r\n	политической пропаганды и агитации и,\r\n	наконец, третий – когда клуб принимает\r\n	свой современный вид как организация\r\n	самодеятельности рабочего класса»\r\n	</li>\r\n	<li>\r\n	казалось\r\n	бы, досуг. можно повременить с тем, коль\r\n	такая острая нехватка средств. ан-нет.\r\n	<strong>«клуб\r\n	как очаг политической, культурной и\r\n	хозяйственной жизни пролетариата»\r\n	</strong></li>\r\n	<li>\r\n	сооружение\r\n	должно быть организовано таким образом,\r\n	чтобы было возможно и удобно в стенах\r\n	клуба осуществлять все процессы,\r\n	составляющие клубную деятельность:\r\n	кружки, секции, спектакли, спорт, учёба,\r\n	собрания и тд.\r\n	</li>\r\n</ul><p>\r\n	<i>где какая\r\nчасть?\r\n	</i>\r\n</p><ul>\r\n	<li>\r\n	клубный/кружковый\r\n	корпус и зрелищный/театральный корпус\r\n	(864 посадочных места)\r\n	</li>\r\n	<li>\r\n	в клубной\r\n	части: столовая, правление, кухня,\r\n	библиотека, читальня, комнаты для\r\n	кружков (кройки и шитья, радио-, фото-,\r\n	военный кабинет, шахматы), радиоуголок,\r\n	физкультурный зал\r\n	</li>\r\n</ul><ul><li>конструктивизм\r\n	как господствующее направление авангарда\r\n	в архитектуре Москвы того времени\r\n	(развёрнуть исходя из осведомлённости\r\n	и заинтересованности группы)\r\n	</li>\r\n	<li>\r\n	а это 1929\r\n	год\r\n	</li>\r\n</ul><ul><li>архитектор\r\n	Владимир Владимиров (см. доп. файл)\r\n	</li>\r\n	<li>\r\n	его Мосторг\r\n	на площади Ильича, 1928-30 (снесён в 1987) и\r\n	Дальбанк в Хабаровске, 1928 (ЖБ и серого\r\n	цвета) \r\n	ФОТО-39, ФОТО-40, ФОТО-41<strong></strong></li>\r\n	<li>\r\n	как и наш\r\n	ДК изначально – тёмно-серого цвета\r\n	</li>\r\n	<li>\r\n	кирпичное\r\n	строение\r\n	</li>\r\n	<li>\r\n	вертикальные\r\n	доминанты\r\n	</li>\r\n	<li>\r\n	большая\r\n	площадь остекления\r\n	</li>\r\n	<li>\r\n	после\r\n	строительства клуб осуждали за\r\n	неправильную ориентацию главного\r\n	фасада по отношению к самому посёлку:\r\n	горящие окна, призывающие вовлечься в\r\n	культурную жизнь видны только со стороны\r\n	шоссе\r\n	</li>\r\n	<li>\r\n	с этой\r\n	целью оставлялись на фасадах пустые\r\n	плоскости, где размещались плакаты,\r\n	афиши и тд. ФОТО-38<strong></strong><strong></strong></li>\r\n	<li>\r\n	особое\r\n	внимание уделялось интерьерам клубом:\r\n	украшались фресками ФОТО-37 обставлялись специально проработанной\r\n	мебелью\r\n	</li>\r\n	<li>\r\n	ещё один\r\n	вопрос ставили перед архитекторами –\r\n	одинаково хорошая видимость из всех\r\n	частей зала: не должно быть разделения\r\n	по ограниченности видимости, что\r\n	противоречит политике «все равны»\r\n	</li>\r\n	<li>\r\n	предусматривалась\r\n	<u>раздвижная\r\n	стена\r\n	</u>,\r\n	позволяющая организовывать летнюю\r\n	сцену и кинотеатр\r\n	</li>\r\n</ul><ul><li>до конца\r\n	20го века здесь работали различные\r\n	кружки и секции, которые посещали\r\n	местные жители\r\n	</li>\r\n	<li>\r\n	реставрация\r\n	в 2008 году\r\n	</li>\r\n	<li>\r\n	сейчас -\r\n	мебельный магазин и офисы\r\n	</li>\r\n</ul>',2957),
	(20,19,4,NULL,'Дангауэровские бани','Оборачиваемся назад','<p>ФОТО-42<br><strong></strong></p><ul>\r\n	<li>\r\n	отличия\r\n	в сравнении с клубом?</li><li>\r\n	фасад\r\n	более богат деталями</li><li>\r\n	1931 – 1932\r\n	– 1935  <u>(?уточнить)</u></li><li>\r\n	перестроен\r\n	много раз <strong>**фото\r\n	#10</strong><strong>\r\n	</strong>первое\r\n	фото – 1964, второе  - 1978-80 <u>(даты\r\n	реконструкций - ??)</u></li><li>\r\n	сейчас –\r\n	магазин: были бани – стали ткани</li></ul><p>\r\n<strong>Пожарная\r\nчасть</strong></p><ul>\r\n	<li>\r\n	1929, Алексей\r\n	Куровской</li><li>\r\n	такая же\r\n	на Соколе</li></ul><p>\r\n<strong>Переход:</strong>\r\nработа\r\n– клуб – баня. ну что, домой?</p>',385),
	(21,20,2,NULL,'Генплан ЖК','','<ul>\r\n	<li>\r\n	мы стоим\r\n	у «ворот» посёлка\r\n	</li>\r\n	<li>\r\n	сейчас\r\n	ж/д переход немного смещён (можно\r\n	обратить внимание при переходе ж/д\r\n	путей: левее остались насыпи от бывшего\r\n	перехода), а ранее – этот фасад\r\n	торжественно встречал возвращавшихся\r\n	после работы людей\r\n	</li>\r\n	<li>\r\n	в то время\r\n	была популярной идея города с воздушным\r\n	транспортом, которая породила стремление\r\n	архитекторов продумывать т.н. \r\n	<strong>пятый\r\n	фасад\r\n	</strong>\r\n	– вид на застройку с высоты птичьего\r\n	полёта: из окна аэроплана, с дирижабля\r\n	</li>\r\n	<li>\r\n	«Летающий\r\n	пролетарий» Вл. Маяковского\r\n	</li>\r\n	<li>\r\n	сейчас –\r\n	актуально: коптеры, гугл карты, спутниковые\r\n	снимки\r\n	</li>\r\n	<li>\r\n	в планы\r\n	некоторых ЖК были внесены значительные\r\n	корректировки, но многие сохранили\r\n	свои оригинальные планировочные\r\n	решения. и их очень легко обнаружить\r\n	на карте. своей геометрией они чётко\r\n	выделяются среди хаотичной застройки\r\n	города ФОТО-43 <i>определить\r\n	ЖК\r\n	</i></li>\r\n</ul><ul>\r\n	<li>красота\r\n	плана, конечно, не основная причина\r\n	</li>\r\n	<li>\r\n	мы имеем\r\n	организованную, продуманную планировку\r\n	ЖК:\r\n	</li>\r\n</ul><p>\r\n	-\r\nфункциональная структура, одновременно\r\nпридающая художественную выразительность\r\nпространству ЖК\r\n</p><p>\r\n	-\r\nпропорциональность открытых и застроенных\r\nпространств, и их правильное взаимоотношение\r\nс высотностью\r\n</p><p>\r\n	- упорядоченная\r\nзастройка позиционировалась как\r\nотражение нового устройства общества,\r\nгде человек, как дом, имеет своё место\r\nв коллективе\r\n</p><p>\r\n	- план как\r\nрациональность передвижений. а с тем,\r\nчто идея ЖК подразумевала, что человек\r\nбОльшую часть жизни проводит в его\r\nпределах – рациональность жизнедеятельности\r\n</p><p>\r\n	- но\r\nблагодаря гениям работавших тогда\r\nархитекторов, реагирующих на форму\r\nучастка, рельеф и др., мы имеем действительно\r\nудобные выразительные пространства и\r\nуютные дворы\r\n</p><p>\r\n	<br>такая\r\n	<strong>свобода\r\n	организации\r\n	</strong>\r\n	пространства была возможна благодаря\r\n	тому, что застройка жилых комплексов\r\n	происходила на свободных (расчищенных\r\n	от бараков) участках, ограниченных\r\n	лишь, например, железной дорогой,\r\n	занятыми производством территориями,\r\n	или водными преградами (реками, прудами)\r\n	<br>\r\n</p><ul>\r\n	<li>\r\n	здесь\r\n	были пруды Ключики. были осущены. в\r\n	память о них – улица Пруд Ключики\r\n	</li>\r\n</ul><ul>\r\n	<li>\r\n	поговорим\r\n	о людях, которые работали над ЖК и в\r\n	т.ч. разрабатывали генпланы\r\n	</li>\r\n	<li>\r\n	над каждым\r\n	ЖК трудилась большая группа архитекторов\r\n	и инженеров\r\n	</li>\r\n	<li>\r\n	Д.: М.\r\n	Мотылёв, Н. Молоков, А. Вегнер, Е. Шервинский\r\n	и др. (см. «Новые дома»)\r\n	</li>\r\n</ul><p>\r\n	<strong>Мотылёв\r\nМихаил \r\n	</strong>–\r\nавтор генплана Д. и архитектор / соавтор\r\nнескольких домов\r\n</p><ul>\r\n	<li>\r\n	один из\r\n	ярких представителей жилищной архитектуры\r\n	того времени является Михаил Мотылёв.\r\n	разработал генпланы и отдельные дома\r\n	в таких ЖК, как:\r\n	</li>\r\n</ul><p>\r\n	комплекс\r\nна Русаковской улице;\r\n</p><p>\r\n	Будёновский\r\nпосёлок (на Б.Почтовой)\r\n</p><p>\r\n	ЖК\r\n«Матросская тишина»\r\n</p><ul>\r\n	<li>\r\n	работал\r\n	под руководством мастеров: Рерберг И.,\r\n	Померанцев А., Жолтовский И., Щусев А.\r\n	</li>\r\n	<li>\r\n	свою проф.\r\n	деятельность посвятил жилищному\r\n	строительству\r\n	</li>\r\n</ul><ul>\r\n	<li>систематизируем\r\n	способы построения генплана:\r\n	</li>\r\n</ul><p>\r\n	- проникающее\r\nпространство «улица - двор»: дома не\r\nформируют ограждение от улицы. пространство\r\nже двора определяется зелёными\r\nнасаждениями (бульваром / сквером)\r\n</p><p>\r\n	- замкнутое\r\nпространство с  периметральной / рантовой\r\nзастройкой. имеем внутренний двор, в\r\nкотором устраивалась сеть дорожек с\r\nцентральным фонтаном или скульптурой\r\n	<i>(мы\r\nбудем проходить через такой)\r\n	</i>\r\n</p><p>\r\n	- и вариации\r\nс сочетаниями обоих типов тоже имеют\r\nместо быть\r\n</p><ul>\r\n	<li>\r\n	каждый\r\n	из типов имеет свои + и -, при оценке по\r\n	разным критериям: освещённость,\r\n	проветриваемость, безопасность двора,\r\n	уровень шума и др.\r\n	</li>\r\n</ul><ul><li>ФОТО-43<i> попробуем\r\n	определить тип генплана: где пространства\r\n	улицы и двора проникают друг в друга,\r\n	а где имеем замкнутый двор\r\n	</i></li>\r\n</ul><ul><li>вернёмся\r\n	к Д. она должна была стать самым крупным\r\n	ЖК. площадь застройки изначально была\r\n	около 50 га но в дальнейшем план перерабатывался\r\n	с уменьшением площади, т.к. она отводилась\r\n	под новые производства и заводы\r\n	(«электрогородок»). в итоге, было\r\n	построено 17 домов (из 27ми по переработанному\r\n	плану). Общая площадь застройки составила\r\n	около 25га, т.е. в 2 раза меньше\r\n	</li>\r\n</ul><p>\r\n	(сейчас\r\n– 16 домов. один снесён в 00ые)\r\n</p><p><strong>Переход:\r\n	</strong>от\r\nгенплана увеличиваем масштаб до дома\r\nи квартиры: узнаем, как устроены они<br></p>',4221),
	(22,21,2,NULL,'Квартира. Устройство быта','','<p>мы находимся\r\n	во дворе первого построенного в новой\r\n	Д. дома. 1928 год. п-образный\r\n</p><ul>\r\n	<li>\r\n	арку,\r\n	через которую прошли, застроили ФОТО-44<strong></strong></li>\r\n	<li>\r\n	с началом\r\n	застройки секционными домами, началась\r\n	проработка типовой секции\r\n	</li>\r\n	<li>\r\n	первая\r\n	типовая секция – 1925 год<strong></strong></li>\r\n</ul><p>\r\n	1925 – 4\r\n2хкомн. (без ванных. с раковиной)\r\n</p><p>\r\n	1926 – 2\r\n2хкомн. + 2 3комн (без ванных. с раковиной)\r\n</p><p>\r\n	1928-30 – 2\r\n3/4хкомн. (без ванных, с раковиной / с\r\nванными)\r\n</p><ul>\r\n	<li>\r\n	развернувшеесястроительство\r\n	ЖК\r\n	(с 1928го)\r\n	главным образом ориентируется на 3\r\n	и 4-хкомнатные\r\n	квартиры\r\n	</li>\r\n	<li>\r\n	квартиры\r\n	занимают всю ширину секции, т.е. выходят\r\n	окнами на обе стороны, что обеспечивает\r\n	сквозное проветривание, вентиляцию\r\n	всех комнат и хорошую освещённость\r\n	</li>\r\n	<li>\r\n	подвох:\r\n	<strong>покомнатно\r\n	– посемейное заселение\r\n	</strong></li>\r\n	<li>\r\n	из расчёта\r\n	6 м2 на человека (уплотнённое), 8-12 м2 –\r\n	норма\r\n	</li>\r\n	<li>\r\n	возвращение\r\n	к домам-коммунам с их обобществлённым\r\n	бытом? там было изначально продуман\r\n	общий быт. здесь же получилось:\r\n	индивидуальный быт нескольких семей\r\n	пересекался на одной территории\r\n	</li>\r\n</ul><ul><li>стены –\r\n	кирпичная кладка в 2,5 - 2 кирпича\r\n	</li>\r\n	<li>\r\n	в подвальных\r\n	помещениях были устроены общие прачечные\r\n	</li>\r\n	<li>\r\n	изначально\r\n	лифтов не было – они были устроены\r\n	позднее, в 60х годах\r\n	</li>\r\n	<li>\r\n	в этом\r\n	доме, как в остальных домах первой\r\n	очереди застройки нет ванных. позднее\r\n	– были оборудованы жильцами самостоятельно\r\n	– маленькие окна на балконах раньше\r\n	были из коридора, теперь – из ванных\r\n	</li>\r\n	<li>\r\n	так же,\r\n	как при работе с планом всего района,\r\n	где большое\r\n	внимание уделяется работе с пространством,\r\n	его функциональному использованию,\r\n	внутриквартирная планировка\r\n	тоже\r\n	использовала\r\n	«каждый\r\n	угол»\r\n	</li>\r\n	<li>\r\n	тщательно\r\n	прорабатывался вопрос обстановки\r\n	квартиры. на этапе проектирования\r\n	учитывалась «постоянная» (встроенная\r\n	мебель): полки для посуды, стенные шкафы\r\n	в «мёртвой» зоне за дверью, антресоли\r\n	</li>\r\n	<li>\r\n	<i>(отверстия\r\n	под окнами? что это?)\r\n	</i>\r\n	холодные шкафы под окнами кухонь</li>\r\n	<li>\r\n	для\r\n	удобства конструкций и обеспечения\r\n	пожарной безопасности балконы\r\n	устраиваются смежными для двух квартир\r\n	</li>\r\n	<li>\r\n	сначала\r\n	это были выносные, консольные, балконы,\r\n	без остекления. кронштейны, были устроены\r\n	позднее для укрепления\r\n	</li>\r\n</ul><p>\r\n	<i>	</i>\r\n</p><p>\r\n	<strong>Переход</strong>:\r\nкакие ещё балконы встречаются в этом\r\nпосёлке узнаем дальше\r\n</p>',2312),
	(23,22,2,NULL,'Балконы и другие инструменты архитекторов','На переходе во дворе  -  центральный фонтан','<p>о балконах:\r\n	«богатая\r\n	архитектурно – пространственная\r\n	выразительность, большое функциональное\r\n	значение, конструктивная простота\r\n	устройства»</p><ul><li>\r\n	балкон\r\n	как\r\n	место\r\n	«подышать и посмотреть» и как место\r\n	хранения. архитекторы же любят его ещё\r\n	за то, что балкон может служить\r\n	декоративным\r\n	элементом, создающим «лицо» дома</li><li>\r\n	каким бы\r\n	аскетичным ни был сам балкон, он служит\r\n	украшением фасада</li><li>\r\n	действительно,\r\n	при заявленной экономии индивидуальность\r\n	фасадам придавали компоновкой и\r\n	ассиметричным расположением балконов.\r\n	это задаёт ритм, расставляет акценты\r\n	и создаёт игру светотени</li><li>\r\n	полукруглые\r\n	эркеры</li><li>\r\n	угловые\r\n	балконы с круглыми колоннами: мысленно\r\n	отбросьте появившееся позднее рандомное\r\n	остекление ФОТО-45<strong></strong></li><li>\r\n	скошенный\r\n	угол. встречается во многих ЖК (Дубровка,\r\n	НПресня). часто они отмечены ещё\r\n	повышенной секцией. кроме того, эта\r\n	идея позволяет организовывать открытые\r\n	площади на перекрёстках, что в случае\r\n	периметральной застройки дарит островки\r\n	общественного – общерайонного\r\n	пространства. так устроен центр\r\n	Барселоны, например, что делает его\r\n	очень уютным с магазинами и кафе<strong></strong> ФОТО-46</li><li>\r\n	также\r\n	площадь на перекрёстке позволяет\r\n	создать стыковка секций «угол-в-угол».\r\n	например, НПресня, БудПосёлок<strong></strong> ФОТО-47</li></ul><ul><li><i>какой\r\n	ещё приём можете заметить на снимке</i>?\r\n	архитекторы  активно пользовались\r\n	цветом: геометрия окраски позволяла\r\n	расставить акценты. или вариант\r\n	«оштукатуренная стена – голая кирпичная»</li></ul><ul><li>таким\r\n	образом, мы отметили те элементы, которые\r\n	доказывают нам, что архитектура в любом\r\n	случае – искусство, стремящееся к\r\n	красоте и отражению эпохи</li></ul><p><a name=\"_GoBack\"></a>\r\n<strong>Переход:\r\n</strong>какая\r\nже эпоха приходит к нам?</p>',1660),
	(24,22,4,NULL,'Переход к ар-деко','','<p>строительство\r\n	посёлка совпало со стилевыми поисками,\r\n	идеологическими изменениями в советской\r\n	архитектуре – что повлекло за собой\r\n	наличие набора образцов разных эпох:\r\n	конструктивизм; первые представители\r\n	советского ар-деко (постконструктивизма)\r\n	(в\r\n	т.ч. фасадные сооружения вдоль ШЭ,\r\n	которыми закрывали строчную застройку)</p><ul><li>\r\n	первый\r\n	дом – 1928</li></ul><p>\r\nдом\r\nАвиамоторная 22/12 – 1930</p><p>\r\nдом 2я \r\nКабельная, 10 – 1933</p><p>\r\n<i>сравните?</i></p><ul>\r\n	<li>\r\n	этот дом\r\n	построен всего на два года позже, но\r\n	уже здесь мы видим стремление к бОльшему\r\n	использованию деталей: карнизы,\r\n	расстекловка</li></ul><ul><li>конструктивизм\r\n	– <strong>«простой,\r\n	как речь пролетариата, без обиняков»</strong></li></ul><p>\r\nстал -\r\n<strong>«чрезвычайно\r\nбедно архитектурно оформленным»</strong></p><ul>\r\n	<li>\r\n	мы наблюдаем\r\n	переход от конструктивистских течений\r\n	- к советскому ар-деко</li></ul><p><strong>Переход:\r\n</strong>ещё\r\nболее уверенного представителя новой\r\nархитектурной эпохи увидим дальше<br></p>',870),
	(25,23,2,NULL,'Здание школы как пример ар-деко','','<p>мы находимся\r\n	перед бывшей районной школой</p><ul><li>\r\n	сейчас\r\n	здесь НИИ «Интеграл»</li><li>\r\n	1931 год \r\n	</li><li>\r\n	<i>анализ?\r\n	</i>\r\n	</li></ul><p>\r\nколоннада;\r\nкарниз; узкие окна; наличники, филёнки;\r\nкронштейны</p><ul>\r\n	<li>\r\n	видим\r\n	достаточно уверенный образец эпохи\r\n	ар-деко</li><li>\r\n	помним с\r\n	вами данг.бани? они радуют наш глаз\r\n	обилием деталей: пилястры и <i>дентикулы</i></li><li>\r\n	раздельное\r\n	обучение: мальчикам – одно крыло,\r\n	девочкам – другое</li></ul><ul><li>архитектор\r\n	Даниил Фридман</li><li>\r\n	его -\r\n	электроподстанция московского\r\n	метрополитена на Б.Никитской ФОТО-49<strong></strong></li></ul><ul><li>типовой\r\n	проект школы. в 30х по нему (с некоторыми\r\n	видоизменениями) построены несколько\r\n	школ (в районе ст. м. Шаболовская\r\n	(неоштукатурена) , на 2й Брестской\r\n	(неоштукатурена), на Русаковской) ФОТО-48<strong></strong></li></ul><ul><li>вообще в\r\n	этом районе было (и есть) несколько школ\r\n	(что неудивительно, с таким количеством\r\n	населения). и одна из них - с углубленным\r\n	изучением английского языка</li></ul><p>\r\n(первая\r\nшкола на ШЭнтузиастов , 16 – 1928 год)</p><p>\r\n<strong>Переход:\r\n</strong>зачем?\r\n– узнаем на следующей, нашей последней\r\nостановке</p>',985),
	(26,24,2,NULL,'Американские дома','','<p>находимся\r\n	во дворе т.н. «американок»</p><ul><li>\r\n	два\r\n	S-образных\r\n	дома, появившихся после переработки\r\n	генплана</li><li>\r\n	название?:</li></ul><p>\r\nрезультат\r\nопыта сотрудничества советских строителей\r\nс американской строительной фирмой\r\n«Лонгэкр и К». в 1930 году американцы\r\nприехали в СССР для презентации опыта\r\nускоренного строительства, презентации\r\nновых технологий. стороны остались\r\nнедовольны друг другом, договор расторгли\r\nдосрочно, и американцы спешно уехали,\r\nоставив в Москве всю привезенную технику\r\nи оборудование</p><ul>\r\n	<li>\r\n	по задумке\r\n	Мотылёва, двор этих домов и планировавшиеся\r\n	парные корпуса образовывали сквозную,\r\n	объединяющую перспективу с выходом на\r\n	ШЭ<strong></strong></li></ul><p>\r\nмы вместе\r\nс Лениным смотрим в светлое будущее</p><p>\r\nно не всё\r\nскладывается:</p><ul>\r\n	<li>\r\n	проект\r\n	был реализован далеко не полностью. в\r\n	какой-то момент (1931) было принято решение\r\n	основать здесь «электрогородок»,\r\n	которое, в свою очередь, тоже не получило\r\n	воплощения. в итоге: возвели множество\r\n	разрозненных пром.зданий и уплотнили\r\n	застройку в конце 30х «сталинками»</li></ul>',1018),
	(27,24,4,NULL,'Заключение','','<p>«не всё\r\nвсегда складывается так, как задумывается»</p><ul>\r\n	<li>\r\n	официальный\r\n	курс на строительство индивидуального\r\n	жилища -  покомнатно – посемейное\r\n	расселение. конечно, это было лучше\r\n	старой застройки</li></ul><ul><li>«в\r\n	1932 г. началось реформирование советской\r\n	архитектуры. одновременно были прекращены\r\n	даже формальные поиски типов массового\r\n	жилья и минимальных квартир для рабочих.\r\n	основным типом советского жилья была\r\n	объявлена индивидуальная комфортабельная\r\n	квартира»</li></ul><ul><li>подтверждение\r\n	того, что архитектура служит отражением\r\n	политических и социальных процессов.\r\n	 и в то же время она оказывает влияние\r\n	на нашу жизнь</li></ul><ul><li>принципы,\r\n	которые используются сейчас - параллели\r\n	с современными ЖК</li><li>\r\n	хотя\r\n	существует иной взгляд на них, эти\r\n	«удобные» принципы:</li></ul><p>\r\nИв. Ефремов,\r\n«Час быка», 1968 \r\n</p><p>\r\n«Покинутый\r\n<u>город</u>\r\nЧендин-Тот <u>встретил\r\nих удручающим однообразием домов, школ,\r\nбывших мест развлечений и больниц,\r\nкоторое характерно было для поспешного\r\nи небрежного строительства эпохи\r\n«взрыва» населения. Странная манера\r\nперемешивать в скученных кварталах\r\nздания разного назначения обрекала на\r\nбезотрадную стесненность детей, больных\r\nи пожилых людей, </u>сдавливала\r\nгрохочущий транспорт в узких каналообразных\r\nулицах. Всё это Тивиса и Тор наблюдали\r\nв «живых» городах.»</p><ul><li>сейчас\r\n	остро стоит вопрос реновации. ЖК 1920 –\r\n	1930 представляют собой особенно сладкие\r\n	участки</li><li>\r\n	мнение\r\n	жителей Д., например, разделилось. но\r\n	перевалило на сторону отказа от сноса.\r\n	«за» высказываются, конечно, владельцы\r\n	комнат в комм.квартирах (по моим опросам,\r\n	субъективное мнение, коммуналок сейчас\r\n	около 30%) с надеждой на то, что им дадут\r\n	целые квартиры</li><li>\r\n	90 лет\r\n	назад тоже обещали давать квартиры, ха</li></ul><ul><li>на мой\r\n	взгляд, застройка таких ЖК куда уютнее\r\n	новых. надо вложить средства в\r\n	восстановление такой застройки. но тем\r\n	самым сохранить историю</li></ul><ul><li>спасибо за внимание.\r\n	вопросы. 10 минут – до метро. <strong>в\r\n	светлое будущее!</strong></li></ul>',1919),
	(28,15,2,NULL,'Один из принципов Ле Корбюзье на практике','','<p>Вспоминает Екатерина Николаевна Милютина ФОТО-64: <em>\"Крыша - место детских игр с закоулками и потайными местами, с винтовой лестницей, на которой устраивались соревнования: кто быстрее и больше раз поднимется и спустится так, чтобы не закружилась голова. Лестница приводила на солярий, на котором захватывало дух от высоты, от того, что перила из труб были совсем прозрачными, казалось их нет, ветер дунет посильнее, и ты улетишь вниз.</em><em>\" </em><a href=\"http://o.tishurin.ru/cp/cp/linker?marker=%D0%9C-667\" target=\"_blanc\" class=\"linker_link\">М-667</a>.</p><p>Находясь здесь, мы можем прочувствовать реализацию одного из принципов Ле Корбюзье. Практически в каждом авангардном здании кровля была эксплуатируемой: ФОТО-63. Сегодня во всем мире экслуатируемые кровли отлично применяются: ФОТО-65, ФОТО-66<span class=\"redactor-invisible-space\">. Ну а у нас пока так: ФОТО-67<span class=\"redactor-invisible-space\">. Будем надеяться, что возросший интерес к авангарду станет отправной точкой для возвращения эксплуатируемых крыш в жилые дома.</span></span></p>',840),
	(29,26,2,NULL,'Коридор общественное пространство','','<p>В секции типизации Стройкома Гинзбург работал над созданием экономичного, но при этом комфортного жилья. В качестве отправной точки были взяты проекты дореволюционных доходных домов, при это было отмечено, что для того времени они были оправданы, но для новой реальности совершенно не годились. </p><p>Из проектов убрали помещения для прислуги и черные лестницы. Посчитали эффективность, остались недовольны. Оказалось, что очень много места тратится на лестницы и лестничные клетки. И тогда вертикальные связи были заменены горизонтальными связями - коридорами. В таком коридоре мы и находимся, обратите внимание - он проходит через весь дом.</p><p>Какими мы привыкли видеть коридоры? Узкими, темными, с дверями в обе стороны. Здесь мы видим совершенно противоположную картину. Этот коридор больше похож на вытянутый зал, чем на привычный коридор. Он очень широкий - 4 метра, можно на велосипеде ездить. Еще он очень светлый. Обратите внимание на окна - это сплошная лента от одного конца до другого. Такое остекление дает гораздо больше света, чем вертикальное, при этом свет падает ровнее. Почему так не делают везде? - Потому что для этого здание должно держаться на каркасе. При традиционном подходе, когда внешние стены являются несущими, выходило бы, что верхний этаж держится на стеклах.</p><p>Обратите внимание на раздвижные створки. Преимуществ перед традиционными поворотными - масса. Они не занимают места в помещении, можно отодвинуть на любое расстояние, можно открыть одну створку на одной стороне, а другую - на противоположной. Эксцентрики надежно прижимали подвижную створку к неподвижной, зимой не нужно было заклеивать.</p><p>Итак, мы видим широкий, светлый, проветренный коридор. И это еще не все! Обратите внимание на расположение колонн. Они стоят так, что между ними образуется ниша для соседних квартир. Более того, батареи располагались не под окнами, а между колонной и стеной, что визуально делило пространство. Можно было поставить стол или кресла и проводить здесь время.</p><p>Уюта добавляли также цветочные кадки на внешней стороне. Они же решали задачу водоотведения. Из-за того что дренажные отверстия заделали при ремонте они сменили свою функцию на противоположную.</p><p>Итак, это не просто коридор. Это полноценное место общественного пребывания. Возникает вопрос - если такое внимание было уделено вспомогательному помещению, то что же предлагалось для жилого? Что мы увидим за этой заветной дверью?</p>',2396),
	(30,27,2,NULL,'Ячейка F - это полноценная квартира','Размещаемся на стульях','<p>Мы находимся в квартире, предназначенной для одного человека или небольшой семьи. Она состоит из двух помещений - высокой общей комнаты и небольшой спальни. Согласитесь, квартира совершенно не похожа на однокомнатные квартиры, к которым мы с вами привыкли. Но она содержит все атрибуты отдельной квартиры - у входа небольшой туалет, в общей комнате установлен кухонный элемент (считалось, что в основном жильцы должны питаться в столовой), а рядом со спальней есть санузел с душевой кабиной. Кроме того, поскольку квартира выходит на обе стороны дома, есть возможность сквозного проветривания (кто из владельцев однокомнатных квартир может таким похвастаться).</p><p>Ну а необычное пространственное решение обусловлено экономическими соображениями. Но давайте обо всем по порядку.</p>',773),
	(31,27,4,NULL,'Проект индивидуального заселения','','<p>В первую очередь в секции типизации были созданы проекты двух и трехкомнатных квартир. Это были квартиры в привычном нам одном уровне, в которых площадь вспомогательных помещений была сведена к минимуму. Особенно тщательно прорабатывалась планировка кухни. Исследование маршрута движения хозяйки по кухне позволило добиться площади в 4,5 кв.м. Напомню, что кухня использовалась только для приготовления пищи и была связана окном с общей комнатой. Все комнаты были изолированными, в каждой квартире имелся санузел. Также было возможно сквозное проветривание. Этот тип квартир получил индекс А.</p><p>Когда все резервы площади были исчерпаны, начались эксперименты с высотой помещений. Ключевая мысль: высоту вспомогательных помещений (кухни и санузла) можно уменьшить. И если на соседних этажах чередовать жилые и вспомогательные помещения, то можно снизить общую высоту дома, что давало существенную экономию. Это привело к появлению в квартирах внутренних лестниц. Проекту был присвоен индекс B.</p><p>С учетом реалий тех лет, отдельные двух- и трехкомнатные квартиры могли предоставляться только 40% семей. Остальные заселялись бы покомнатно, что свело бы на нет все усилия по оптимизации. В этом случае оптимизированная квартира превращалась бы, как выражался Гинзбург, в \"общежитие весьма сомнительного качества\". А кухня, спроектированная для одной хозяйки, становилась бы \"бытовым адом\" (тоже выражение Гинзбурга).<br></p><p>Напомню, что Гинзбург очень ценил индивидуальность и считал, что ни в коем случае нельзя лишать людей личного пространства. Основные усилия секции были направлены на создание однокомнатной квартиры для посемейного заселения. И такая квартира была создана и получила индекс F. И мы находимся в ней.</p>',1703),
	(32,27,6,NULL,'Экономический эффект','','<p>Для того чтобы понять, откуда берется экономия, давайте обратимся к макету. Коридор располагается между спальными помещениями ячеек и обслуживает два этажа. Вы видели, что двери располагаются парами. Мы зашли в правую и поднялись в общую комнату. Если бы мы зашли в левую, то лестница вела бы вниз. В результате у нас есть два этажа и коридор, причем площадь коридора не вычитается из площади этажей. Таким образом, построить две ячейки F для двух семей стоило столько же, сколько построить двухкомнатную квартиру и заселить покомнатно.</p><p><em>Прим.: Высота спальни: 2,30 м., общей комнаты: 3,60 м.</em><em></em></p><p>В нижней части дома расположены ячейки другого типа, более просторные. Но идея та же самая - коридор проходит под спальным помещением и также не вычитается из площади этажа. В итоге мы имеем просторный светлый коридор, который при этом фактически он берется из воздуха, и поэтому не только не ухудшает, но даже улучшает экономические показатели дома в целом.</p><p>Но вернемся к квартире. В этой квартире имеется туалет, ванная. Поскольку в доме была столовая, кухня заменена компактным кухонным элементом. Здесь можно было что-то приготовить или разогреть еду. Когда кухня была не нужна, элемент закрывался деревянной шторкой.</p>',1210),
	(33,27,8,NULL,'Эстетический эффект','','<p>Поскольку окна выходят на обе стороны дома, квартира обладает сквозным проветриванием (кто из живущих в однокомнатных и даже двухкомнатных квартирах сегодня может таким похвастаться, А. Гинзбург рассказывал что инвесторы не могли понять, как это - не делать приточно-вытяжную вентиляцию). Также дом ориентирован по сторонам света. В спальню солнце светит утром, в жилую часть - вечером.</p><p>***</p><p>В доме высота части помещений понижена. Понижение высоты помещений дало существенную экономию. Но как мы помним, экономия была не единственной целью Гинзбурга. Комфорту также уделялось значительное внимание, и поэтому возникал закономерный вопрос - до каких пор и при каких условиях можно понижать высоту помещений, чтобы человек не чувствовал себя придавленным потолком. И эти поиски нашли свое отражение в пропорциях дома и компоновке различных объемов.</p><p>Во-первых, высота изолированных помещений не может быть меньше 2,6 м (общежитие). Но восприятие объема меняется, когда несколько помещений разной высоты сочетаются друг с другом. Для вспомогательных помещений дома НКФ принята высота 2,3 м. При наличии общей комнаты высотой 3,6 м, пускай и отделенной стеной, Гинзбург признает высоту в 2,3 удовлетворительной. При этом отмечает, что когда нужно сосредоточиться, более комфортно находиться в низком помещении, а когда есть потребность в движении - в высоком.</p><p>Ну и наконец, восприятие таких небольших помещений сильно зависит от их цветового оформления. Вопрос был настолько серьезным, что к работе привлекается профессор немецкой школы Bauhaus Хиннек Шепер. Было испробовано две гаммы цветов - теплая и холодная. В основе теплой гаммы были оттенки желтого и охры, а холодной - голубого и серого. Было установлено, что теплые цвета ограничивают объем, в то время как холодные - расширяют.</p><p>К сожалению, достоверных сведений о покраске нет - стены неоднократно перекрашивались, а цветных фотографий тех времен не имеется. Единственный способ - делать соскобы со стен. Именно так планируют поступить реставраторы. Ну а пока мы можем видеть одно из предположений, хотя и не очень точное.<br></p><p>***</p><p>Вывод. Итак, что же мы имеем. А мы имеем дом с развитыми общественными пространствами - чтобы попасть в столовую и библиотеку не нужно выходить на улицу. Широкий светлый коридор располагает к совместному времяпрепровождению. Но коллективизм при этом не навязывается. Каждая семья имеет пусть и небольшую, но собственную квартиру с санузлом и возможностью готовить пищу. Ну а главное - этот дом противопоставлялся коммуналкам и общежитиям, и мы с вами можем видеть, насколько более комфортным и уютным он является. Ну а чтобы убедиться в этом - осмотрите ячейку самостоятельно.</p>',2652),
	(34,28,2,NULL,'Моисей Гинзбург','','<p>Мы находимся в более просторной квартире, ячейке типа K. Как писал Гинзбург, она предназначена для семей, более полно сохранивших свой старый бытовой уклад. Поговорим об известных жильцах дома.</p><p>В доме жил его создатель, архитектор Моисей Гинзбург. О нем мы говорили только то, что он ценил индивидуальность и предъявлял высокие требования к комфорту. Пожалуй, пора дополнить его портрет ФОТО-68.<br></p><p>Родился в 1892 г. в Минске, в семье застройщика. Обучается архитектуре во Франции и в Италии, где получает диплом художника-архитектора. Будучи неудовлетворен своей технической подготовкой, оканчивает Рижский политехникум с дипломом инженера-архитектора. С 1917 по 1921 годы работает в Крыму, \"много и мучительно размышляя над судьбой современной архитектуры\" М-649.</p><p>Вернувшись в Москву преподает во ВХУТЕМАСе, пишет книги \"Ритм в архитектуре\" и \"Стиль и эпоха\". В 1925 совместно с Александром Весниным создает Объединение современных архитекторов (ОСА) и становится ответственным редактором журнала общества \"Современная архитектура\" и таким образом, одним из главных идеологов и теоретиков конструктивизма.</p><p>В это же время он начинает работать в наиболее интересном для нас направлении жилищного строительства. Первым проектом становится дом Госстраха на Малой Бронной ФОТО-69. Этот жилой дом был своеобразной пробой пера. Являясь авангардным по облику, он не был новым в социальном отношении. Там были 2-3-4 комнатные квартиры. Развитого общественного сектора не было, но кое-какие его черты уже намечались - эксплуатируемая кровля, магазин, прачечная. А теперь приготовьтесь, будет немного больно... Вот как выглядит дом Госстраха сейчас: ФОТО-70.</p><p>Большая работа была проделана в государственных проектных органах, в том числе в секции типизации Стройкома РСФСР. В рамках этой работы строится несколько экспериментальных домов, в том числе дом Наркомфина. Результаты этой работы до сих пор представляют большую практическую ценность.</p><p>До войны занимается вопросами социалистического расселения, строительством здравниц (санаторий Наркомтяжпрома в Кисловодске, ФОТО-71), разработками в области типизации и механизации строительства. Во время войны работает над проектами восстановления разрушенных городов. Умирает в 1946 году в полном расцвете творческих сил. Продолжателем его дела становится сначала его сын Владимир, а затем внук Алексей.</p>',2333),
	(35,28,4,NULL,'Николай Милютин','','<p>Значительную роль в судьбе Гинзбурга сыграл его ученик, сосед, близкий друг и покровитель - нарком финансов Николай Милютин, ФОТО-72. </p><p>Милютин является интересным историческим персонажем. Он относился к первому поколению большевиков-революционеров, которое было практически полностью уничтожено. Милютин же удивительным образом уцелел, на протяжении долгого времени занимал высокие посты. Опираясь на свой министерский опыт и глубокие познания в архитектуре и градостроительсве, он выпускает ряд фундаментальных теоретических трудов, чем вносит значительный вклад в мировую культуру. Милютин подробно изучал архитектуру, идеи конструктивизма были ему близки, он сближается с архитекторами и в частности с Гинзбургом. У них складываются дружеские отношения, они долгое время живут по соседству. Сначала в доме Госстраха, построенном Гинзбургом, а затем - здесь. Милютин покровительствует Гинзбургу, без его поддержки создание дома было бы невозможным.<br></p><p>Случались, впрочем, и конфликты. На крыше дома была предусмотрена вентиляционная камера, но денег на оборудование не хватило. И тогда Милютин решил переделать камеру под собственную квартиру, ФОТО-73. Гинзбург был против - в изначальном проекте этого не было. Сошлись на том что Милютин сам делает проект. Так появился первый в СССР пентхаус. Квартира была небольшой, около 50 м, за основу была принята ячейка типа K.</p>',1366),
	(36,28,6,NULL,'От планов к реальности','','<p>Еще в разное время здесь жили наркомы юстиции Крыленко и Антонов-Овсеенко, нарком здравоохранения Семашко, художник Дейнека и иные известные личности. Первые десять лет дом можно было назвать элитным. После войны он отходит на второй план. Экспериментальный дом, который строился в условиях максимальной экономии средств, не мог конкурировать по комфорту с добротными и просторными квартирами в сталинских домах.</p><p>Случается то, чего так стремились избежать архитекторы - большие ячейки превращаются в коммуналки, а выросшим семьям из маленьких ячеек никто не спешит давать новые квартиры. Понятно, что квартиры, рассчитанные для одного-двух человек, становятся тесными для семьи с двумя взрослыми детьми.</p><p>Ситуация меняется в последние годы, когда здесь начинают собираться творческие люди и различные организации, для которых заложенные здесь идеи оказались близкими по духу. Одним и жильцов дома являлся известный блогер и общественный деятель Антон Носик, ФОТО-74. Также здесь жил солист группы \"Седьмая раса\" Александр Растич, ФОТО-75. Многие ячейки переоборудованы под офисы, самое экзотическое - йога на крыше,  ФОТО-76.</p><p>Ну и самая главная новость - сдвинулось с мертвой точки дело реставрации дома, о которой мы поговорим на балконе.</p>',1235),
	(37,29,2,NULL,'Реставрация','','<p>Нынешнее состояние дома полностью отвечает уровню и культуре его обслуживания. История попыток реставрации длится с конца 80-х годов. Тогда дом еще не был в таком чудовищном состоянии.</p><p>На заре перестройки сын архитектора Владимир Гинзбург пытался привлечь к этому дому какие-то государственные организации, возможно сделать какие-то мастерские. Но они не проявили интереса.</p><p>Позже к вопросу реставрации подключился внук архитектора Алексей Гинзбург ФОТО-78. Еще будучи студентом он предлагал различные проекты, концепции. Рассказывает, что в 90-е приводил сюда инвесторов, эдаких канонических \"новых русских\", которые учитывая что это памятник, собирались восстановить фасад, а внутреннюю часть переделать под себя. Но когда они понимали, что внутри все настолько плотно, что большего комфорта добиться не удастся, они уходили.</p><p>В 2000-е была история с Лужковым. Тогда пытались сотрудничать с соседями, компанией \"Стольный Град\", они тогда готовились к открытию Новинского пассажа и им было интересно облагородить окружающую территорию, они были готовы поработать с Домом. И вот, к открытию пассажа подготовили экспозицию, макеты, планшеты. А Лужков произнес речь:</p><p><em>Вот мы сегодня открыли замечательный дом - красивый, современный. А рядом стоит какая-то рухлядь. А представляете, ведь так хотели всю Москву застроить! Вот бы его снести и на этом месте построить такой же замечательный дом, как тот что мы сегодня открываем.</em></p><p>После этого ему уже никаких макетов не показывали.</p><p>Самой главной проблемой была проблема собственности. В 2015 году все помещения оказались в одних руках (компания «Лига Прав»), и было получено разрешение на производство работ.</p><p>Алексей Гинзбург рассказывал как менялся его взгляд на реставрацию. Вначале он допускал возможность компромиссов - сохранение пристроенной лифтовой шахты, перепланировка помещений - лишь бы нашелся инвестор. Но чем глубже он погружался в структуру дома, чем полнее осознавал что в доме нет ни одного случайного элемента, тем более ясным становилось то, что единственный допустимый способ - это научная реставрация. Насколько я знаю, он смог донести это до владельца, что обнадеживает.</p><p>Реставрация включает в себя множество непростых задач. Прежде всего, необходимо очистить дом от поздних пристроек и надстроек. Мы это видели в коммунальном корпусе.</p><p>Много технических задач, прежде всего из-за сложной инженерной структуры дома. Дело в том, что коммуникации проходят внутри пустотелых блоков, которые использованы в перекрытиях и внутренних стенах (фото). Кроме того, часть стояков имеет горизонтальные прогоны, иначе трубы проходили бы по центру комнат. Таким образом, для замены коммуникаций необходимо вскрывать стены и даже перекрытия. Коммуникации проходили также через некоторые колонны первого этажа, для этого они делались толще. Никто не верил, ходили искали водопровод с канализацией, разве что рамками не пользовались.</p><p>Много дискуссий вызывает вопрос с наружными стенами. В основном все повреждения связаны с водой. Особенно страшно выглядит восточный фасад, на котором располагаются цветочницы. В них изначально были дренажные отверстия, позже они были заделаны. Оттуда на фасад выливалась грязная вода, которая попадала в трещины между штукатуркой и блоками. Где-то стену достаточно законсервировать (заклеить пленкой, пропитать пропиткой), а где-то необходимо перекладывать.</p><p>Много вопросов вызывает покраска. Абсолютно точных сведений о цвете помещений не имеется, все фотографии - черно-белые. Есть статьи, колористические таблицы, ну и сверло и скальпель реставраторов - нужно брать пробы со стен и выяснять какой был цвет.</p><p>Тем не менее, ряд компромиссов допускается. Например, ксилолитовые полы можно заменить паркетными. А еще, нет ни одного подтверждения того что в ячейках стояли кухонные элементы со шторками, как в книге \"Жилище\" - нет ни одной фотографии. Планируется восстановить их по оригинальным рисункам.<br></p><p>Также можно назвать допущением гранитное мощение вокруг дома (изначально там была земля, а под домом - бетон), но а Москве гранит уже прижился, поэтому по принципу единообразия решено сделать гранитное мощение.</p><p>Также решается вопрос создания музея.</p>',4117),
	(38,30,2,NULL,'Заключение','','<p>Мы с вами познакомились с одним из самых ярких образцов советского архитектурного авангарда. Мы поняли, как этот дом выглядел изначально, какие выразительные средства он имел и теперь будем вместе желать удачи Алексею Гинзбургу и ждать окончания реставрации.</p><p>Мы поняли, насколько этот дом опередил свое время в вопросах массового жилищного строительства. Более того, когда к этим вопросам вернулись при Хрущеве, эти вопросы были решены на гораздо более низком уровне и в функциональном и в архитектурном отношении (фото).</p><p>Ну а главное - мы ненадолго переместились в то непростое, но интересное время. И поняли, как в обстановке жесточайшей экономии и всеобщего коммунистического пафоса, архитекторам удалось создать воплощение здравого смысла - дом переходного типа.</p><p>Закончить нашу экскурсию хотелось бы словами Моисея Гинзбурга:</p><p><em>Нет ни одного элемента, ни одной части замысла архитектора, который был бы стихиен. Все находит себе объяснение и функциональное оправдание в своей целесообразности. Целое все объединяет, все уравновешивает, создает образцы высочайшей выразительности, четкости, ясности, где ничто не может быть изменено.</em><br></p><p><em>Нет никакой опасности в вытекающем из этого метода аскетизме молодой архитектуры, который отпугивает близоруких. Это аскетизм молодости и здоровья, бодрый аскетизм строителей и организаторов новой жизни.</em><br></p><p><em>(Из статьи Г. \"Новые методы архитектурного мышления\" <a href=\"http://o.tishurin.ru/cp/cp/linker?marker=%D0%9C-636\" target=\"_blanc\" class=\"linker_link\">М-636</a>)</em></p>',1392),
	(39,31,2,NULL,'Вступление','','',0),
	(40,32,2,10,'Происхождение авангарда','','',0),
	(41,32,4,10,'Течения авангарда','','',0),
	(42,35,2,NULL,'Введение','','',0),
	(43,36,2,NULL,'Ефремов','','',0),
	(44,37,2,NULL,'Авангард','','',0),
	(45,38,2,NULL,'Ар-деко','','',0),
	(46,39,2,NULL,'Ар-деко','','',0),
	(47,39,4,NULL,'Соцрасселение','','',0);

/*!40000 ALTER TABLE `cards_objects` ENABLE KEYS */;
UNLOCK TABLES;


# Дамп таблицы cards_objects_images
# ------------------------------------------------------------

DROP TABLE IF EXISTS `cards_objects_images`;

CREATE TABLE `cards_objects_images` (
  `id_object` int(11) unsigned NOT NULL,
  `id_image` int(11) unsigned NOT NULL,
  `id_sort` int(11) unsigned NOT NULL,
  PRIMARY KEY (`id_object`,`id_image`,`id_sort`),
  KEY `id_image` (`id_image`),
  CONSTRAINT `cards_objects_images_ibfk_1` FOREIGN KEY (`id_object`) REFERENCES `cards_objects` (`id`) ON DELETE CASCADE,
  CONSTRAINT `cards_objects_images_ibfk_2` FOREIGN KEY (`id_image`) REFERENCES `cards_images` (`id`)
) ENGINE=InnoDB DEFAULT CHARSET=utf8;

LOCK TABLES `cards_objects_images` WRITE;
/*!40000 ALTER TABLE `cards_objects_images` DISABLE KEYS */;

INSERT INTO `cards_objects_images` (`id_object`, `id_image`, `id_sort`)
VALUES
	(1,15,0),
	(1,15,1),
	(1,16,2),
	(6,24,0),
	(6,25,1),
	(6,26,2),
	(6,27,3),
	(6,52,4),
	(6,53,5),
	(6,54,6),
	(6,55,7),
	(6,56,8),
	(8,57,0),
	(12,19,0),
	(12,20,1),
	(12,21,2),
	(12,22,3),
	(12,23,4),
	(15,34,1),
	(15,35,0),
	(19,37,4),
	(19,38,3),
	(19,39,0),
	(19,40,1),
	(19,41,2),
	(20,42,0),
	(21,43,0),
	(21,43,1),
	(22,44,0),
	(23,45,0),
	(23,46,1),
	(23,47,2),
	(25,48,1),
	(25,49,0),
	(28,63,1),
	(28,64,0),
	(28,65,2),
	(28,66,3),
	(28,67,4),
	(34,68,0),
	(34,69,1),
	(34,70,2),
	(34,71,3),
	(35,72,0),
	(35,73,1),
	(36,74,0),
	(36,75,1),
	(36,76,2),
	(37,78,0);

/*!40000 ALTER TABLE `cards_objects_images` ENABLE KEYS */;
UNLOCK TABLES;


# Дамп таблицы cards_transfers
# ------------------------------------------------------------

DROP TABLE IF EXISTS `cards_transfers`;

CREATE TABLE `cards_transfers` (
  `id` int(11) unsigned NOT NULL AUTO_INCREMENT,
  `id_card` int(11) unsigned NOT NULL,
  `id_sort` int(11) NOT NULL,
  `time` int(11) unsigned DEFAULT NULL,
  `name` varchar(255) NOT NULL,
  `instruction` text NOT NULL,
  PRIMARY KEY (`id`),
  KEY `id_card` (`id_card`),
  CONSTRAINT `cards_transfers_ibfk_1` FOREIGN KEY (`id_card`) REFERENCES `cards` (`id`) ON DELETE CASCADE
) ENGINE=InnoDB DEFAULT CHARSET=utf8;

LOCK TABLES `cards_transfers` WRITE;
/*!40000 ALTER TABLE `cards_transfers` DISABLE KEYS */;

INSERT INTO `cards_transfers` (`id`, `id_card`, `id_sort`, `time`, `name`, `instruction`)
VALUES
	(6,2,2,NULL,'Кинотеатр Факел',''),
	(7,2,4,NULL,'Первый двор',''),
	(8,2,6,NULL,'Второй двор',''),
	(9,2,8,NULL,'Школа',''),
	(10,2,10,NULL,'Американские дома',''),
	(11,3,2,NULL,'Площадка перед входом',''),
	(12,3,4,1,'Торец дома',''),
	(13,3,6,NULL,'Коммунальный корпус, 1 этаж',''),
	(14,3,8,NULL,'Коммунальный корпус, 2 этаж',''),
	(15,3,10,NULL,'Коммунальный корпус, крыша',''),
	(16,4,2,NULL,'Выход №2 со ст. Авиамоторная',''),
	(17,4,4,10,'Мост через ж/д пути','Поднимаемся на мост, на мосту пыльно и шумно!'),
	(18,4,6,5,'Двор клуба \"Компрессор\"','Переходим дорогу после моста, заходим во двор с Лениным.'),
	(19,4,8,5,'Площадка за АЗС',''),
	(20,4,10,10,'Ул. Пруд Ключики, д. 5, угол дома','Угол дома'),
	(21,4,12,NULL,'Ул. Авиамоторная 49/1, двор дома',''),
	(22,4,14,NULL,'Ул. Авиамоторная 22/12, угол (двор)','Можно перейти на перекресток к светофору'),
	(23,4,16,NULL,'Школа',''),
	(24,4,18,NULL,'Ул. 3-я Кабельная, д. 2. Во дворе у памятника Ленину',''),
	(25,4,20,15,'М. Авиамоторная (самостоятельно)',''),
	(26,3,12,5,'Коридор перед ячейкой F',''),
	(27,3,14,NULL,'Ячейка F',''),
	(28,3,16,NULL,'Ячейка K',''),
	(29,3,18,NULL,'Балкон',''),
	(30,3,20,NULL,'У подъезда',''),
	(31,5,2,0,'Памятник Жукову',''),
	(32,5,4,5,'Гостиница Москва (посадка в автобус)',''),
	(33,5,6,0,'Пушкинская площадь',''),
	(34,6,2,NULL,'Факел',''),
	(35,6,4,NULL,'У входа в район',''),
	(36,6,6,NULL,'Первый двор',''),
	(37,6,8,NULL,'Перекресток',''),
	(38,6,10,NULL,'Второй двор',''),
	(39,6,12,NULL,'Школа',''),
	(40,6,14,NULL,'Американские дома???',''),
	(41,6,16,NULL,'Третий двор',''),
	(42,6,18,NULL,'Ворота поселка','');

/*!40000 ALTER TABLE `cards_transfers` ENABLE KEYS */;
UNLOCK TABLES;



/*!40111 SET SQL_NOTES=@OLD_SQL_NOTES */;
/*!40101 SET SQL_MODE=@OLD_SQL_MODE */;
/*!40014 SET FOREIGN_KEY_CHECKS=@OLD_FOREIGN_KEY_CHECKS */;
/*!40101 SET CHARACTER_SET_CLIENT=@OLD_CHARACTER_SET_CLIENT */;
/*!40101 SET CHARACTER_SET_RESULTS=@OLD_CHARACTER_SET_RESULTS */;
/*!40101 SET COLLATION_CONNECTION=@OLD_COLLATION_CONNECTION */;
